{
  "hash": "fdc2d702",
  "configHash": "01e24f67",
  "lockfileHash": "9e3b6f06",
  "browserHash": "066825d6",
  "optimized": {
    "@angular/common/http": {
      "src": "../../../../../../node_modules/@angular/common/fesm2022/http.mjs",
      "file": "@angular_common_http.js",
      "fileHash": "debfde69",
      "needsInterop": false
    },
    "@angular/core": {
      "src": "../../../../../../node_modules/@angular/core/fesm2022/core.mjs",
      "file": "@angular_core.js",
      "fileHash": "f2e4f7e0",
      "needsInterop": false
    },
    "@angular/forms": {
      "src": "../../../../../../node_modules/@angular/forms/fesm2022/forms.mjs",
      "file": "@angular_forms.js",
      "fileHash": "88451348",
      "needsInterop": false
    },
    "@angular/platform-browser": {
      "src": "../../../../../../node_modules/@angular/platform-browser/fesm2022/platform-browser.mjs",
      "file": "@angular_platform-browser.js",
      "fileHash": "c1d75af6",
      "needsInterop": false
    },
    "@angular/platform-server": {
      "src": "../../../../../../node_modules/@angular/platform-server/fesm2022/platform-server.mjs",
      "file": "@angular_platform-server.js",
      "fileHash": "b61458cb",
      "needsInterop": false
    },
    "@angular/router": {
      "src": "../../../../../../node_modules/@angular/router/fesm2022/router.mjs",
      "file": "@angular_router.js",
      "fileHash": "763be7f5",
      "needsInterop": false
    },
    "@angular/ssr": {
      "src": "../../../../../../node_modules/@angular/ssr/fesm2022/ssr.mjs",
      "file": "@angular_ssr.js",
      "fileHash": "9ed5b6a3",
      "needsInterop": false
    },
    "@angular/ssr/node": {
      "src": "../../../../../../node_modules/@angular/ssr/fesm2022/node.mjs",
      "file": "@angular_ssr_node.js",
      "fileHash": "6d60d3de",
      "needsInterop": false
    },
    "express": {
      "src": "../../../../../../node_modules/express/index.js",
      "file": "express.js",
      "fileHash": "f392e70b",
      "needsInterop": true
    }
  },
  "chunks": {
    "xhr2-TXIMV6CV": {
      "file": "xhr2-TXIMV6CV.js"
    },
    "chunk-KR47GPPC": {
      "file": "chunk-KR47GPPC.js"
    },
    "chunk-JR3OCHPG": {
      "file": "chunk-JR3OCHPG.js"
    },
    "chunk-MBDLWIJT": {
      "file": "chunk-MBDLWIJT.js"
    },
    "chunk-FDTOSQE4": {
      "file": "chunk-FDTOSQE4.js"
    },
    "chunk-UQPLDCV5": {
      "file": "chunk-UQPLDCV5.js"
    },
    "chunk-MXONK7T5": {
      "file": "chunk-MXONK7T5.js"
    },
    "chunk-6KP2EZXH": {
      "file": "chunk-6KP2EZXH.js"
    },
    "chunk-IWB6H4UU": {
      "file": "chunk-IWB6H4UU.js"
    },
    "chunk-YHCV7DAQ": {
      "file": "chunk-YHCV7DAQ.js"
    }
  }
}