{
  "hash": "1b7e75d0",
  "configHash": "c20bcb06",
  "lockfileHash": "9e3b6f06",
  "browserHash": "9ff04ba1",
  "optimized": {
    "@angular/common/http": {
      "src": "../../../../../../node_modules/@angular/common/fesm2022/http.mjs",
      "file": "@angular_common_http.js",
      "fileHash": "c8434c43",
      "needsInterop": false
    },
    "@angular/core": {
      "src": "../../../../../../node_modules/@angular/core/fesm2022/core.mjs",
      "file": "@angular_core.js",
      "fileHash": "bb7f22d5",
      "needsInterop": false
    },
    "@angular/forms": {
      "src": "../../../../../../node_modules/@angular/forms/fesm2022/forms.mjs",
      "file": "@angular_forms.js",
      "fileHash": "6f1b9f90",
      "needsInterop": false
    },
    "@angular/platform-browser": {
      "src": "../../../../../../node_modules/@angular/platform-browser/fesm2022/platform-browser.mjs",
      "file": "@angular_platform-browser.js",
      "fileHash": "055791bd",
      "needsInterop": false
    },
    "@angular/router": {
      "src": "../../../../../../node_modules/@angular/router/fesm2022/router.mjs",
      "file": "@angular_router.js",
      "fileHash": "cd713df2",
      "needsInterop": false
    }
  },
  "chunks": {
    "chunk-IL2ZWAUL": {
      "file": "chunk-IL2ZWAUL.js"
    },
    "chunk-T4ZORXGD": {
      "file": "chunk-T4ZORXGD.js"
    },
    "chunk-C64KBX63": {
      "file": "chunk-C64KBX63.js"
    },
    "chunk-C7ZR2TGN": {
      "file": "chunk-C7ZR2TGN.js"
    },
    "chunk-PUPFYMDY": {
      "file": "chunk-PUPFYMDY.js"
    }
  }
}